fullname,host_id,host_name,neighbourhood,latitude,longitude,room_type,price,number_of_reviews,last_review,reviews_per_month,calculated_host_listings_count,availability_365,number_of_reviews_ltm
Luxury 2 bedroom apartment,4621559,Kenneth,THIRD WARD,42.65789,-73.7537,entire home/apt,70.0,9,2022-08-17,0.07,1,70,0
Restored Precinct in Center Sq. w/Parking,19648678,Terra,SIXTH WARD,42.65222,-73.76724,entire home/apt,100.0,308,2025-03-29,2.34,4,335,6
Large studio apt  by Capital Center & ESP@,29288920,Gregg,SECOND WARD,42.64615,-73.75966,entire home/apt,75.0,371,2025-02-16,3.02,2,15,24
"Studio in The heart of Center SQ, in Albany NY",17766924,Sugey,SIXTH WARD,42.65559,-73.76506,entire home/apt,86.0,620,2025-05-08,5.76,1,128,29
Alb hospital area studio bath wifi. (Red),5691268,Elizabeth,FOURTEENTH WARD,42.66078,-73.80553,private room,54.0,792,2025-05-21,6.96,2,153,133
/Fire Place Bungalow\ 1917 SUNY Eagle 6Beds 2Baths,4259750,Peter,FIFTEENTH WARD,42.67567,-73.82438,entire home/apt,264.0,188,2025-05-18,1.71,8,326,30
$55twin($30 foreign student)FreeBF Noa/c no smoke,61700428,Abdullah,ELEVENTH WARD,42.67583,-73.78297,private room,55.0,231,2024-02-29,2.1,2,365,0
Private Room in the Hearth of the Albany,69729286,Musab,SIXTH WARD,42.65154,-73.76867,private room,47.0,28,2024-02-06,0.48,2,344,0
Pristine Cape Cod on the Creek - 4 Large Bedrooms,1364123,Akhilesh,FIFTEENTH WARD,42.66972,-73.82753,entire home/apt,219.0,189,2025-05-10,1.74,1,306,12
Alb Medical/Dtwn Albany/Colleges ROOM H,89705052,Share,NINTH WARD,42.65651,-73.77887,private room,52.0,48,2025-02-27,0.49,2,115,8
Charming 1 Bedroom in a Historic Residential Home,15223767,Ed,NINTH WARD,42.65312,-73.78161,private room,70.0,82,2024-09-17,1.01,3,254,11
The Honey Comb hideout,140060931,McKinley,FOURTH WARD,42.668842904707454,-73.74151370795786,entire home/apt,214.0,0,2025-05-18,1.255,1,88,0
8 year SuperHost 5Bedroom In Albany,67171774,Michael And Flerida,FOURTEENTH WARD,42.65846,-73.80201,entire home/apt,290.0,115,2025-06-03,1.25,1,331,18
"Garden Apartment, on the Park, close to Capital.",65414985,James,SEVENTH WARD,42.64939,-73.76865,entire home/apt,116.0,131,2024-05-12,1.49,2,341,0
The Metropolitan,98744672,Bela,NINTH WARD,42.65532,-73.78244,entire home/apt,68.0,48,2025-05-19,0.51,8,266,7
Cozy bedroom with (2) walk-in closets,135717458,Chad,THIRTEENTH WARD,42.66565,-73.77975,private room,36.0,46,2025-05-19,0.54,3,341,6
"NEW LISTING! Modern, completely updated, LOCATION!",152762198,Allen,TENTH WARD,42.66045,-73.77833,entire home/apt,67.0,181,2025-05-25,1.97,9,341,14
One Bedroom apartment with private entrance,156446839,Domini,FOURTEENTH WARD,42.65975,-73.81196,private room,68.0,122,2024-09-07,1.4,1,32,1
Quiet and Pretty in the Heart of Center Square,9666970,Janet,SIXTH WARD,42.65345,-73.7645,entire home/apt,72.0,928,2025-05-24,10.88,1,134,110
City Feel - Green Room,31757246,Leiba,SIXTH WARD,42.65333,-73.77293,private room,93.0,14,2024-12-01,0.17,1,353,2
Garden Apartment in Ctr. Square: Monthly Discounts,6833937,Farah,SIXTH WARD,42.65403,-73.76325,entire home/apt,80.0,142,2025-06-07,1.7,1,327,30
Albany Cozy home with fireplaces and Sunroom,202580880,Rosanne,EIGHTH WARD,42.64514,-73.80668,entire home/apt,302.0,14,2022-10-08,0.17,1,188,0
Private room in historic building on the park,54394342,Alice,SIXTH WARD,42.65821,-73.76917,private room,75.0,92,2025-03-13,1.13,1,352,28
âHistoric Loft Suite @ Downtown Albany,44434571,Earl,SECOND WARD,42.64535,-73.75365,entire home/apt,81.0,691,2025-05-26,8.68,9,336,55
"Spacious
private suite and private bath",194113768,Rachel,FOURTH WARD,42.6737,-73.75313,private room,70.0,7,2024-06-09,0.09,1,134,1
Nest in Hazel,160340958,Jon,FIFTEENTH WARD,42.67519,-73.82281,private room,47.0,32,2025-05-27,0.41,1,237,5
"Cosy, comfy and quiet for one",172223381,Diana,EIGHTH WARD,42.64936,-73.80278,private room,93.0,213,2025-05-18,2.78,2,0,12
Moroccan Sands,97330032,Sherrell,FOURTH WARD,42.6761,-73.73825,private room,104.0,1,2024-10-28,0.13,1,269,1
Muhammed Ali Lounge & Pool Hall â¬¢â¬¡,232967878,Diana,SECOND WARD,42.64335,-73.7579,entire home/apt,118.0,318,2025-05-25,4.35,22,28,45
Sophisticated Retreat: 2BR in heart of Albany,188679144,Elizabeth,THIRTEENTH WARD,42.66619,-73.79031,entire home/apt,126.0,54,2024-08-14,0.75,8,365,2
Center Square Safe 2 Bedroom Long  Stay w/ Parking,299638115,Flerida,SIXTH WARD,42.65507,-73.76138,entire home/apt,104.0,44,2025-05-22,0.66,4,356,5
Comfortable! One Bedroom A/C Apartment Queen Bed,47491906,Lloyd,FOURTH WARD,42.67773,-73.73899,entire home/apt,121.0,173,2025-02-16,2.63,1,7,7
Modern Carriage in the Heart of Albany,59864591,Daniel,SIXTH WARD,42.65115,-73.7668,entire home/apt,97.0,4,2023-01-06,0.08,1,0,0
Private Bedroom in Cozy Ranch Home,41400541,John,FOURTEENTH WARD,42.66403,-73.81446,private room,52.0,187,2025-02-15,2.9,1,97,28
Central Albany Apartment: Walk to State Capitol!,121680792,Evolve,SECOND WARD,42.6469,-73.75761,entire home/apt,174.0,27,2022-10-27,0.45,5,9,0
Homey,339085327,Arkady,NINTH WARD,42.65567,-73.7854,entire home/apt,183.0,0,2025-05-18,1.255,1,365,0
Charming dog friendly home with private yard!,649068,Anthony,FIRST WARD,42.63876,-73.78535,entire home/apt,102.0,115,2025-06-03,1.84,1,223,19
Classic & Homey 2BD/1BA Fl 2 Apt @ Downtown Albany,272907816,Angela,SECOND WARD,42.64453,-73.75426,entire home/apt,87.0,112,2025-05-18,1.95,2,77,24
*The Blue House* Incredible 3 Bedroom Apartment,349460842,Scott,TENTH WARD,42.66257,-73.78281,entire home/apt,93.0,131,2024-10-28,2.18,17,0,15
Historic Queen Studio Across from Washington Park!,355777684,Lloyd,SIXTH WARD,42.65935,-73.76805,entire home/apt,102.0,370,2025-05-26,6.2,3,318,31
Spacious upscale luxury apartment with huge yard,353498132,Michael,EIGHTH WARD,42.64808,-73.7996,entire home/apt,146.0,26,2024-11-26,0.45,6,266,3
Private Apt Queen 1 Bed Sanctuary with many Extras,362851072,Elsa,FOURTEENTH WARD,42.66132,-73.7956,entire home/apt,132.0,129,2025-01-12,2.21,1,221,4
Adorable & Trendy 1 Bd Apt Minutes to Albany Med!,165293595,Kori,NINTH WARD,42.6545,-73.78223,entire home/apt,89.0,154,2025-05-22,2.72,1,247,29
UNIQUE Gem in HEART of Albany â Spiral Staircase,47625981,Linda,SECOND WARD,42.64801,-73.75668,entire home/apt,108.0,99,2025-02-16,1.86,18,176,6
Our Antique Bungalow,69789449,Dan,NINTH WARD,42.65311,-73.78525,entire home/apt,152.0,257,2025-06-01,4.87,1,286,41
The Historic J. Buel Farmhouse - Luxury Suite Loft,382970529,Thomas,THIRTEENTH WARD,42.6692,-73.79849,private room,90.0,172,2025-06-04,3.22,15,31,47
"Renovated 2br/2ba, close to Alb Med & St. Petes.",21886921,David,THIRTEENTH WARD,42.66744,-73.79216,entire home/apt,125.0,9,2025-05-22,0.18,2,300,2
Downtown Albany 1 Bed + Workstation @ Maiden Lane,385664127,Dillon,THIRD WARD,42.65118,-73.75274,entire home/apt,95.0,168,2025-05-04,3.2,2,243,29
Capital View I,392074908,Jerry,SIXTH WARD,42.65429,-73.75986,entire home/apt,93.0,102,2025-05-17,2.19,3,166,3
Quiet 2-bedroom condo in the heart of Albany,172658781,Jessica,THIRTEENTH WARD,42.66972,-73.79544,entire home/apt,182.0,4,2022-11-30,0.09,2,308,0
Beautiful Center Square Garden-Level Unit,48490017,Todd,SIXTH WARD,42.65157,-73.76546,entire home/apt,93.0,190,2025-06-06,4.09,1,100,34
Cozy Studio By Washington Park | Walkable!,105597161,Katelyn,ELEVENTH WARD,42.66034,-73.77163,entire home/apt,105.0,185,2025-06-06,4.42,1,11,25
"Sunny Queen bed, Quiet w/Beautiful Garden",172539578,David Yisrael,FIFTEENTH WARD,42.67945,-73.81647,private room,93.0,46,2025-05-17,1.02,4,30,9
"Chic-romantic, center-city, hotel-style apartment.",414738935,Sonya,THIRD WARD,42.66064,-73.76074,entire home/apt,65.0,255,2025-04-16,5.4,1,217,35
ðChic & Cozy Near Washington Park Garden Suite,416799784,Rosie,TENTH WARD,42.65969,-73.77564,entire home/apt,89.0,28,2025-04-21,0.63,1,113,7
Walk to Everything Downtown Albany! Luxury Apt!,394420519,All Seasons,THIRD WARD,42.65061,-73.75006,entire home/apt,138.0,9,2024-09-09,0.2,1,262,1
Lovely 1 Bedroom Unit In Historic Brownstone!,60293220,David,THIRD WARD,42.65844,-73.74978,entire home/apt,89.0,90,2025-05-26,2.02,3,337,13
Garden Apartment in Historic Center Square Home,35465673,Jason,SIXTH WARD,42.65641,-73.76413,entire home/apt,75.0,320,2025-05-22,7.21,1,61,83
Cozy 3BR House in Whitehall near DT Albany,428451585,Erwin,EIGHTH WARD,42.64792,-73.79953,entire home/apt,257.0,0,2025-05-18,1.255,1,364,0
Spacious Urban APT w/4BR & Office in Albany,433096110,Brian,FOURTEENTH WARD,42.65824,-73.80114,entire home/apt,205.0,158,2025-04-16,3.78,3,249,35
B Unieke,438504176,Roland,SECOND WARD,42.64683,-73.75662,entire home/apt,300.0,0,2025-05-18,1.255,1,365,0
Beautiful 1 bedroom in a quiet residential area.,37769478,Erion,TENTH WARD,42.66261,-73.79026,entire home/apt,83.0,105,2025-05-08,2.88,11,358,27
Modern & Cozy Cntr Square Townhouse Gem from 1854,265709295,Richard And Priscela,SIXTH WARD,42.65594,-73.76591,entire home/apt,144.0,243,2025-05-18,6.04,2,325,40
Charming 170-Year-Old Home in the Heart of Albany,432936385,Jared,SIXTH WARD,42.65143,-73.76497,entire home/apt,164.0,224,2025-05-25,5.7,1,303,82
Cozy 1 bedroom with office and luxurious King size,433884293,Uniah,NINTH WARD,42.66062,-73.79112,entire home/apt,68.0,2,2023-06-26,0.06,1,363,0
Newly refurbished 2 bedroom close to Lark,30920241,Miri,SIXTH WARD,42.65314,-73.76787,entire home/apt,214.0,11,2024-10-28,0.29,2,90,3
"Huge loft with a king bed, balcony and park views",2554853,Nim,SIXTH WARD,42.65547943115234,-73.76625061035156,entire home/apt,135.0,8,2025-02-18,0.25,1,260,2
"Lovely renovated, 2-bedroom home with free parking",457678547,Najeem Adegbemiga,SEVENTH WARD,42.640217,-73.780815,entire home/apt,133.0,16,2024-07-22,0.47,1,165,1
Clean lines and accessible Convenient Location!,7164949,Jordan,THIRD WARD,42.66169974831227,-73.76466827605744,private room,58.0,0,2025-05-18,1.255,1,88,0
Perfect for Families and Traveling Professionals,119340359,Lori,SIXTH WARD,42.65323,-73.76797,entire home/apt,93.0,101,2024-07-28,2.75,2,0,5
ðª´ Historic & Homey 1 Bdrm Apt @ Downtown Albany,335923036,Mohammed,SECOND WARD,42.645351,-73.753647,entire home/apt,1050.0,10,2023-08-26,0.27,1,364,0
Lovely apartment in heart of Albany,1761578,Grant,SIXTH WARD,42.65389,-73.76538,entire home/apt,130.0,6,2024-10-21,0.22,3,216,3
CHEERFULL 3 BEDROOM HOME WITH FREE PARKING.,466389096,Patrice,FIRST WARD,42.6374547,-73.7716647,entire home/apt,140.0,5,2023-09-22,0.14,2,312,0
Pied-a-terre albany,439560254,Sean,SIXTH WARD,42.65541380925019,-73.76367520540953,entire home/apt,109.0,103,2025-05-26,2.95,1,164,25
**New Listing! Modern 2 bdrm Apt in Mansion Area!,203631769,Johnny,SECOND WARD,42.64531,-73.75963,entire home/apt,93.0,28,2023-09-29,0.82,1,0,0
Albany-2 bedrooms apt (1st fl) A&A-Sisters Rental,461579260,Md,SECOND WARD,42.646896,-73.757612,entire home/apt,181.0,3,2024-03-31,0.11,2,160,0
"Elegant, spacious studio apt in historic mansion",1717342,David,SIXTH WARD,42.65405765037151,-73.76071299629517,entire home/apt,84.0,266,2025-05-31,7.78,2,317,88
Relax in Style by Washington Park - Free Parking,67337944,Rabia,ELEVENTH WARD,42.6623,-73.777,entire home/apt,104.0,104,2025-02-23,3.49,1,157,18
Cozy Albany Home,3650672,Zuhair,THIRTEENTH WARD,42.67075,-73.79704,entire home/apt,158.0,4,2025-05-09,0.38,1,156,4
Cozy 1 Bedroom Apt in  desirable Albany locale,58406953,Nicholas,THIRTEENTH WARD,42.67485,-73.79867,entire home/apt,82.0,3,2025-05-10,0.09,1,85,1
"Modern home, King Bed 4 bed 2bath, Crib, parking",10279606,Noriyuki,NINTH WARD,42.65691,-73.78389,entire home/apt,151.0,232,2025-05-26,7.44,3,312,80
Cozy Greenwood Flat (1 BDR Apartment in Albany),360287870,Mela,SIXTH WARD,42.6513719,-73.7673156,entire home/apt,101.0,64,2025-05-28,2.97,1,310,31
Historic 1 bed/ 1 bath,502037254,Andrew,SIXTH WARD,42.65035,-73.76549,entire home/apt,68.0,1,2023-03-26,0.04,3,295,0
Cozy apartment 2min walk to Albanymed office space,484673863,Michaela,NINTH WARD,42.65569,-73.77685,entire home/apt,90.0,17,2025-05-23,0.57,3,329,11
Clean Escape- Centrally located- Self Check-In,255839958,Kira,SEVENTH WARD,42.64284,-73.77997,entire home/apt,107.0,17,2024-08-06,0.55,1,251,1
Modern- Cozy Center City 2 Bedroom Apartment Style,486073806,Keneisha,FIFTH WARD,42.66648,-73.76831,entire home/apt,115.0,27,2025-02-16,0.96,1,351,8
Cozy luxury brownstone w/ parking & yard,258664571,Vorakij,SECOND WARD,42.64439384900326,-73.75975701534425,entire home/apt,156.0,84,2025-05-10,3.02,2,332,31
Rest+Restore Room â¢ Short & Extended Stay â¢,6203319,Melissa,TENTH WARD,42.66117,-73.79091,private room,77.0,31,2025-01-16,1.01,2,54,20
Albany 2 Bedroom House,48328222,John,FOURTEENTH WARD,42.6631926,-73.8153245,entire home/apt,93.0,12,2025-05-18,1.49,1,0,12
Entire cozy unit in Albany,261036923,Hasan,FOURTEENTH WARD,42.6601,-73.80719,entire home/apt,63.0,62,2025-05-21,2.09,1,250,17
Private bedroom and private bath w/separate entry,491907850,Donna,FOURTEENTH WARD,42.66298,-73.81361,private room,46.0,18,2025-06-06,0.64,1,64,5
Mansion in Albany 7minutes to Downtown Albany,444163492,Drasana,FOURTH WARD,42.67996,-73.75352,entire home/apt,93.0,13,2024-02-25,0.46,1,0,0
Elegant newly renovated cozy smart apartment,253824490,Tomar,FIFTH WARD,42.6591503133547,-73.75431932508945,entire home/apt,86.0,36,2024-09-09,1.26,1,253,3
Newly Renovated| Washer&Dryer|5G Wifi,20144241,Carla,FIFTH WARD,42.67283,-73.77367,entire home/apt,91.0,14,2025-04-27,0.56,1,297,7
Mads Mansion -Victorian Mansion on Washington Park,493882819,Terra,NINTH WARD,42.656329,-73.7752048,entire home/apt,821.0,5,2024-08-18,0.22,6,144,3
The front room w/ TV and king size bed,116935236,Felicisimo,THIRTEENTH WARD,42.67144,-73.79033,private room,45.0,17,2025-06-07,0.75,5,356,7
COMFY Room/w Private BATH + TV,177073982,Cristian,FOURTEENTH WARD,42.66109,-73.80479,private room,52.0,3,2023-11-30,0.11,2,250,0
Cozy Home 5 Minute Walk to Albany Medical Center,500360485,Manjano,SIXTH WARD,42.65184,-73.77074,entire home/apt,93.0,0,2025-05-18,1.255,1,0,0
Boho-Chic Cape Conveniently Located,210596861,Craig,FIFTEENTH WARD,42.67076,-73.82612,entire home/apt,246.0,103,2025-06-07,3.76,1,330,40
Mellow Cove,462042479,Natasha,SIXTH WARD,42.66008,-73.76977,entire home/apt,137.0,6,2024-07-09,0.28,2,356,2
Modern Cottage-Perfect for Families!,268741708,Antoinette,FIRST WARD,42.63504,-73.79833,entire home/apt,320.0,116,2025-06-08,4.31,1,159,50
Spacious Home Away from Home!,49372011,Philip,TWELFTH WARD,42.67336,-73.78619,entire home/apt,221.0,19,2025-01-24,0.72,1,158,4
Stunning Guest Suite in Historic 1874 Row House,120815848,Phat,SECOND WARD,42.6446,-73.75885,private room,86.0,174,2025-06-07,6.57,1,327,83
"Plum room, private queen near hospitals, UAlbany",20536619,Emily,THIRTEENTH WARD,42.67177,-73.79464,private room,61.0,16,2025-05-22,0.71,8,85,10
Modern / Downtown Albany 1 BR APT,512736975,Miguelino,TENTH WARD,42.6599733,-73.7747433,entire home/apt,64.0,61,2025-02-15,2.43,1,253,18
The Comfort II,459472925,Gabriel,THIRD WARD,42.66246,-73.76576,private room,36.0,27,2025-05-16,1.1,2,353,8
"Airy 5Br-2Ba,Kids Rm, 6TVs,Pvt Fence-yard&Parking!",516414095,Rashawn,TENTH WARD,42.66087,-73.78655,entire home/apt,200.0,53,2025-05-25,2.2,1,250,14
Room for rent,502751555,Grace,FIFTH WARD,42.67292,-73.7776,private room,93.0,0,2025-05-18,1.255,1,364,0
Work hard! Play hard!,521669673,Kody,THIRD WARD,42.6586,-73.75743,entire home/apt,103.0,3,2024-12-21,0.13,3,248,1
Newly Renovated Gem in Melrose - Pet Friendly,441054845,Thaddeus,THIRTEENTH WARD,42.67066,-73.79571,entire home/apt,63.0,67,2025-05-22,2.95,2,180,38
Hudson 2 at The Argus Hotel,526358730,Argus,SIXTH WARD,42.65867,-73.77479,private room,165.0,2,2023-12-31,0.09,12,233,0
Colorful and eclectic apartment,132766782,Kelly,TWELFTH WARD,42.67398,-73.79126,entire home/apt,162.0,9,2025-02-17,0.65,1,268,7
A beautiful cozy home,529844022,Shirin,FIRST WARD,42.63855,-73.76927,entire home/apt,93.0,0,2025-05-18,1.255,1,0,0
"2 bedroom+home office, private parking & backyard",217254883,Ermenita,NINTH WARD,42.6549886,-73.79390939999999,entire home/apt,126.0,118,2025-05-21,5.36,1,88,60
Comfy studio in heart of Albany,189586864,Justin,SIXTH WARD,42.65241,-73.77002,entire home/apt,89.0,100,2025-05-30,4.61,1,352,66
Historic Brownstone in Downtown Albany,533703131,Abel,THIRD WARD,42.65665876086533,-73.74939680099487,entire home/apt,93.0,6,2025-05-10,2.9,1,0,6
"Modern 2-bed Apt / Hospitals, SUNY, State Office",374765317,Tanjin,FIFTEENTH WARD,42.67059,-73.81678,entire home/apt,136.0,21,2025-01-01,1.01,1,144,14
Chic Madison Parkview,241123402,JShing,SIXTH WARD,42.65312775001394,-73.76950465142727,entire home/apt,91.0,25,2025-05-28,1.24,1,300,14
The House That Pat Built,114183978,Tyrell,FIFTH WARD,42.66628,-73.76512,entire home/apt,116.0,4,2024-04-18,0.2,1,76,0
Modern 1BR in a great location,75667477,Ahmad,THIRD WARD,42.65515515851637,-73.76052582647431,entire home/apt,77.0,7,2025-04-20,0.34,1,218,5
"Beautiful  5 bedrm , 3.5 bathroom, private parking",476189412,Timothy,SEVENTH WARD,42.64485687096462,-73.77281881169621,entire home/apt,222.0,9,2025-05-25,0.55,1,45,3
Albany 3 Bedroom Apt. Sleeps 6,309980121,Ron,SIXTH WARD,42.65623,-73.7641152,entire home/apt,93.0,12,2024-02-29,0.6,1,0,0
"Spacious Apartment Downtown Albany, NY",531209536,Amar,THIRD WARD,42.65762,-73.75116,entire home/apt,90.0,35,2025-06-01,1.75,2,191,24
Elegant Albany Retreat | Mins to D/T & UAlbany,31318080,Cindy,EIGHTH WARD,42.6555,-73.81066,entire home/apt,163.0,55,2025-05-26,3.44,1,223,45
çº½çº¦å·é¦åºçæ¸©é¦¨å°å±,182509542,Yan,NINTH WARD,42.6558992,-73.7965699,private room,24.0,0,2025-05-18,1.255,1,60,0
Heart of Albany - Downtown Near Everything,42708277,Rodney,SIXTH WARD,42.65539,-73.76416,entire home/apt,70.0,41,2025-05-09,2.11,7,33,29
Spacious Townhouse Walking Distance from Downtown,528617680,Paola,SECOND WARD,42.6459,-73.75828,entire home/apt,102.0,1,2025-01-23,0.22,2,40,1
Downtown Studio,233515764,Etem,SECOND WARD,42.64714,-73.75466,entire home/apt,65.0,142,2025-05-31,7.73,6,237,96
Great home in Albany,496990578,Brian,ELEVENTH WARD,42.66838,-73.77868,entire home/apt,116.0,83,2025-05-25,4.49,1,11,54
"*Huge, bright, private 2Bedroom*",130404008,Michael,THIRD WARD,42.65711,-73.75133,entire home/apt,91.0,2,2024-09-01,0.19,1,39,2
2 bed room Apartment,212885959,Osas,SECOND WARD,42.63976,-73.75705,entire home/apt,115.0,19,2025-03-04,1.18,1,68,10
Renovated Cozy 1920âs Apartment,31994990,Gonca,SEVENTH WARD,42.64478,-73.7764,entire home/apt,53.0,1,2024-09-30,0.12,2,125,1
Charming Bungalow in Albany!,52464523,Dashima,FIRST WARD,42.64081,-73.77463,entire home/apt,114.0,9,2025-04-18,0.51,1,220,6
"Bonjour, Bienvenue A Chez Pierre",553112010,Lynn,TWELFTH WARD,42.7149,-73.87649,private room,101.0,1,2024-10-26,0.13,1,268,1
The Tangerine Door,542733174,Rebecca,TWELFTH WARD,42.67908,-73.79505,entire home/apt,140.0,24,2025-05-11,1.46,1,121,14
Cozy 1-Bedroom Apt in Albany (Entire Apartment),360806709,Gloria,SEVENTH WARD,42.64149,-73.77925,entire home/apt,93.0,56,2025-03-21,5.44,1,0,56
Downtown Brownstone with a View!,14817455,Matt,THIRD WARD,42.65749,-73.75263,entire home/apt,184.0,0,2025-05-18,1.255,1,197,0
downtown,539608284,Joyhefsiba,THIRD WARD,42.66141,-73.76361,private room,46.0,0,2025-05-18,1.255,1,364,0
Historical Pastures,418250661,Stephanie,THIRD WARD,42.6564469,-73.7507251,entire home/apt,99.0,11,2025-05-11,0.74,1,334,6
Serene 1BR Escape: Walk to Eateries & Parks in ALB,472965048,Corey,SIXTH WARD,42.65348,-73.7637,entire home/apt,74.0,14,2025-04-03,0.98,2,159,11
1 bed 1 bath Apartment,477328400,Tyler,SEVENTH WARD,42.64885,-73.76523,entire home/apt,90.0,38,2025-03-30,2.84,2,168,30
Charming 1BR Near Capitol-Dwntwn,46312980,Robert,SECOND WARD,42.646032,-73.760482,entire home/apt,64.0,4,2025-02-17,0.32,2,196,3
"Modern 2 BR near MVP Arena, Colleges, Airport",440509865,John,FIFTEENTH WARD,42.674853495878494,-73.81692445092622,entire home/apt,153.0,48,2025-06-01,4.74,1,291,48
Cozy Bedrooms in Albany,522436003,Adriana,THIRTEENTH WARD,42.6689614,-73.7890379,private room,36.0,0,2025-05-18,1.255,3,210,0
Safe Comfy Cozy 2 bedrooms.,574235481,Lavern,FIRST WARD,42.64094,-73.7767,entire home/apt,93.0,4,2024-07-06,0.3,1,0,2
Bright & Clean Apartment â August Price Special!,129023424,Riccardo,THIRTEENTH WARD,42.67105,-73.7995,entire home/apt,72.0,6,2025-04-13,0.47,1,301,3
491 Washington Ave FL1Rare,575030103,Rehan,ELEVENTH WARD,42.66259,-73.7733,private room,55.0,20,2025-05-17,1.51,2,248,16
Albany historic Washington Park,576083630,Joseph,SIXTH WARD,42.6586049,-73.76803290000001,entire home/apt,95.0,11,2025-03-30,0.84,1,256,10
/An Oasis 8 ppl Yard Grill W/D\,580892646,Crystal,SECOND WARD,42.64349,-73.75906,entire home/apt,292.0,2,2024-07-31,0.17,2,12,2
Empire Plaza Apartment,29483818,Ben,SIXTH WARD,42.65327,-73.76181,entire home/apt,85.0,130,2025-06-06,11.34,1,86,130
"Room in Albany, 4 minutes from AMC",32379616,Fabiola,TENTH WARD,42.6605291,-73.7831549,private room,33.0,0,2025-05-18,1.255,5,363,0
Privateroom with shared bathroom for Nurses&grads,382446799,Elizabeth,NINTH WARD,42.65542,-73.78155,private room,42.0,6,2025-03-31,0.6,1,249,6
Charming Home,147780154,Julia,EIGHTH WARD,42.65812,-73.81912,entire home/apt,199.0,0,2025-05-18,1.255,1,358,0
/Audubon Apartment\ 3bed 1bath built1928 Pine Hill,52123673,Joseph,THIRTEENTH WARD,42.66955,-73.78542,entire home/apt,158.0,7,2025-05-16,0.77,1,345,7
It's Like a Treehouse,562084689,Antonio,TENTH WARD,42.66104,-73.77971,entire home/apt,150.0,14,2025-05-10,1.47,2,159,14
"King Bed, Workspace & Laundry | Center Square Apt",106636448,Daniel,SIXTH WARD,42.65507161089614,-73.76475094677727,entire home/apt,115.0,43,2025-05-21,7.09,1,243,43
Spacious Garden Apt in Center Square,564967431,Stephanie,SIXTH WARD,42.65046806904435,-73.7643479581064,entire home/apt,82.0,2,2024-10-28,0.26,2,313,2
Private suite with separate entrance in Mansion,412416973,Virginia,SECOND WARD,42.64566906803636,-73.75883447708878,private room,44.0,7,2025-01-28,0.93,1,253,7
Nice room in downtown albany,594734396,Abdelrahman,SECOND WARD,42.6425,-73.75889,private room,73.0,32,2025-06-03,3.76,2,301,32
Room close to AMC and St peter,652223872,Umit,TENTH WARD,42.65941683202992,-73.78360267728567,private room,52.0,4,2024-12-23,0.5,1,297,4
The Old Lawmaker's Building.,172861174,Vibha,THIRD WARD,42.6551298,-73.75842949999999,private room,100.0,7,2025-05-10,0.87,1,351,7
staycation CAP region,38324986,Gregory,EIGHTH WARD,42.64548739100758,-73.7896032151887,entire home/apt,285.0,0,2025-05-18,1.255,1,289,0
Cozy Boho 1BR Near Albany Med & St Peter Hospitals,18490980,Jeremy,SIXTH WARD,42.6544762,-73.7718074,entire home/apt,83.0,6,2024-12-30,0.74,2,179,6
Row house on the park,1017349,Chris,SIXTH WARD,42.65319027333566,-73.76970599961155,private room,75.0,1,2024-10-26,0.13,1,81,1
Central Location 1 Bed 1 Bath With Parking,270608641,Enkelejda,SIXTH WARD,42.65137969505171,-73.76947069212083,entire home/apt,80.0,15,2025-05-19,2.05,2,356,15
Short term across from UAlbany,658588120,Melinda,TWELFTH WARD,42.686850591818136,-73.81405551801146,entire home/apt,93.0,0,2025-05-18,1.255,1,358,0
3 Bedroom Cozy Ranch,57127782,Deanna,FIFTEENTH WARD,42.673155,-73.8203654,entire home/apt,164.0,34,2025-06-03,4.55,1,175,34
Large Center Sq Luxury Retreat.,65760,Anthony,SIXTH WARD,42.6497616,-73.7645287,entire home/apt,188.0,2,2025-05-18,1.15,1,158,2
Spacious 4-Bedroom Home with Modern Amenities,653956114,Michael,TENTH WARD,42.66203830172302,-73.78922093804118,entire home/apt,178.0,18,2025-06-08,3.88,1,163,18
Cowen Residence Hospitality.,661066080,Conseta,FOURTH WARD,42.67445142837617,-73.73835701264711,entire home/apt,92.0,2,2025-05-18,0.42,1,174,2
Lofts at Washington 109 Spacious 1 Bedroom 1 Bath,358619880,Properties By Preston,THIRD WARD,42.65769853839876,-73.76265861973056,entire home/apt,90.0,2,2025-02-16,0.41,5,318,2
The Belvedere,571617730,Zinte,SECOND WARD,42.6445746,-73.7566836,entire home/apt,342.0,0,2025-05-18,1.255,1,357,0
Room in Albany,663670719,Elhadj,THIRTEENTH WARD,42.66434543814111,-73.77874573138119,private room,38.0,9,2025-06-07,2.0,3,190,9
Hope On The Hill,341431807,Rakee,FIRST WARD,42.6310402282283,-73.77196507981581,entire home/apt,104.0,8,2025-05-18,1.33,1,358,8
COZY  house,667142820,Sylvain Marco,FIFTEENTH WARD,42.6694592,-73.8269249,entire home/apt,250.0,0,2025-05-18,1.255,1,359,0
Prime Location - 1 Bedroom,559146397,Cathleen,SIXTH WARD,42.65331,-73.76971,entire home/apt,75.0,0,2025-05-18,1.255,2,69,0
The Sweet spot,252422913,Dennis,FIFTEENTH WARD,42.67077854215789,-73.82525054567722,entire home/apt,106.0,1,2025-04-14,0.53,1,114,1
The Whisky House,666182267,Tyler,SIXTH WARD,42.65015,-73.76337,entire home/apt,170.0,12,2025-05-11,2.9,1,227,12
Cozy Home in Heart of Albany,677372979,Celia,TWELFTH WARD,42.68507834404223,-73.79764015056868,entire home/apt,126.0,3,2025-05-01,0.87,1,220,3
Travelerâs Haven!,413566290,Victoria,NINTH WARD,42.655400645597446,-73.79756712300808,private room,66.0,2,2025-05-19,1.03,1,61,2
A piece of mind,650062372,Mataiya,THIRTEENTH WARD,42.66891,-73.79096,entire home/apt,217.0,3,2025-05-18,2.37,1,352,3
Downtown Albany Spacious 2BR | Free Parking,664328482,Oluyinka,SECOND WARD,42.6436654,-73.7536006,entire home/apt,91.0,26,2025-06-04,7.88,1,349,26
Vacation Home in Albany,680411288,Stephanie,EIGHTH WARD,42.64533014600323,-73.789131045637,entire home/apt,258.0,14,2025-06-01,5.0,1,309,14
Capital Comfort Stay,584109093,Cecilia,FOURTH WARD,42.66159372265361,-73.75439956511829,entire home/apt,85.0,6,2025-05-30,2.12,1,352,6
"Walk to Albany Med, MVP Arena, Washington Park",265861488,Vander,SIXTH WARD,42.65040602684423,-73.76433185078635,entire home/apt,68.0,13,2025-06-01,6.0,1,288,13
A peaceful home away from home,385963105,Samantha,FOURTEENTH WARD,42.66598411229728,-73.81880097091198,entire home/apt,128.0,1,2025-05-24,1.0,1,66,1
Furnished brand new studio,26674574,Zainab,TWELFTH WARD,42.6868252,-73.8111413,entire home/apt,64.0,3,2025-05-20,1.27,1,262,3
Luxury Albany Hotel w/Breakfast Next to Downtown,466790114,Zohar,ELEVENTH WARD,42.6800233833328,-73.78522330726621,private room,51.0,2,2025-05-18,0.94,9,360,2
New Large Bedroom! Has Parking!,55596850,Alain,NINTH WARD,42.66002,-73.79333,private room,53.0,1,2025-05-15,1.0,3,303,1
Clean Albany by Shops,674118442,Jan,ELEVENTH WARD,42.67847685573894,-73.78374210994188,entire home/apt,67.0,0,2025-05-18,1.255,3,329,0
"Near All 
Downtown Albany Apartment",232589050,Lauren,SECOND WARD,42.6456774,-73.7602082,entire home/apt,89.0,5,2025-06-04,5.0,1,124,5
Modern Historical Albany Living,51050977,Manuel P.,NINTH WARD,42.6572643,-73.7769051,entire home/apt,120.0,0,2025-05-18,1.255,1,251,0
CafÃ© Capriccio Suite,418024477,Marlene,SECOND WARD,42.64619243272902,-73.75658877629596,entire home/apt,150.0,0,2025-05-18,1.255,1,159,0
